{"Style loss": 3631011072.0, "Content loss": 70.49812316894531, "Total loss": 36310180.0, "_timestamp": 1723210455.0452569, "_runtime": 5135.633645772934, "_step": 9, "generated": {"_type": "images/separated", "width": 356, "height": 356, "format": "png", "count": 1, "filenames": ["media/images/generated_9_8aeb8d9fbd2ffb29c243.png"], "captions": ["NST image, step 400"]}, "_wandb": {"runtime": 5900}}