{"Style loss": 10075644.0, "Content loss": 26.000158309936523, "Total loss": 100782.4375, "_timestamp": 1723162476.0448055, "_runtime": 2724.765830516815, "_step": 9, "generated": {"_type": "images/separated", "width": 356, "height": 356, "format": "png", "count": 1, "filenames": ["media/images/generated_9_6e2f40fc85b61381ae5e.png"], "captions": ["NST image, step 400"]}, "_wandb": {"runtime": 3399}}