{"Style loss": 3673494.75, "Content loss": 24.062137603759766, "Total loss": 36759.0078125, "_timestamp": 1723165392.681746, "_runtime": 2062.373265028, "_step": 9, "generated": {"_type": "images/separated", "width": 356, "height": 356, "format": "png", "count": 1, "filenames": ["media/images/generated_9_1cd6fa57d22ee0cd0f0a.png"], "captions": ["NST image, step 400"]}, "_wandb": {"runtime": 2564}}